{"max": [0.568836, 1.85684, 1.7987], "centroid": [-0.741629265633738, 0.5942330493881425, -1.2954543818893907], "id": "3c02c18d64d3f13b8c988ea512260358", "numVertices": 75547, "min": [-2.0114, -0.0354218, -4.02865]}
